{
  "hash": "1bdb934d",
  "configHash": "9699c7cf",
  "lockfileHash": "564e9950",
  "browserHash": "23206c08",
  "optimized": {
    "@angular/common": {
      "src": "../../../../../../node_modules/@angular/common/fesm2022/common.mjs",
      "file": "@angular_common.js",
      "fileHash": "69a19e6d",
      "needsInterop": false
    },
    "@angular/common/http": {
      "src": "../../../../../../node_modules/@angular/common/fesm2022/http.mjs",
      "file": "@angular_common_http.js",
      "fileHash": "b71b1767",
      "needsInterop": false
    },
    "@angular/core": {
      "src": "../../../../../../node_modules/@angular/core/fesm2022/core.mjs",
      "file": "@angular_core.js",
      "fileHash": "18bed441",
      "needsInterop": false
    },
    "@angular/forms": {
      "src": "../../../../../../node_modules/@angular/forms/fesm2022/forms.mjs",
      "file": "@angular_forms.js",
      "fileHash": "0aab4a93",
      "needsInterop": false
    },
    "@angular/platform-browser": {
      "src": "../../../../../../node_modules/@angular/platform-browser/fesm2022/platform-browser.mjs",
      "file": "@angular_platform-browser.js",
      "fileHash": "6918f88c",
      "needsInterop": false
    },
    "@angular/platform-browser/animations/async": {
      "src": "../../../../../../node_modules/@angular/platform-browser/fesm2022/animations/async.mjs",
      "file": "@angular_platform-browser_animations_async.js",
      "fileHash": "6ea0d30b",
      "needsInterop": false
    },
    "@angular/router": {
      "src": "../../../../../../node_modules/@angular/router/fesm2022/router.mjs",
      "file": "@angular_router.js",
      "fileHash": "77f81e4e",
      "needsInterop": false
    },
    "@primeuix/themes/aura": {
      "src": "../../../../../../node_modules/@primeuix/themes/dist/aura/index.mjs",
      "file": "@primeuix_themes_aura.js",
      "fileHash": "e710e22b",
      "needsInterop": false
    },
    "echarts": {
      "src": "../../../../../../node_modules/echarts/index.js",
      "file": "echarts.js",
      "fileHash": "767a3161",
      "needsInterop": false
    },
    "ngx-echarts": {
      "src": "../../../../../../node_modules/ngx-echarts/fesm2022/ngx-echarts.mjs",
      "file": "ngx-echarts.js",
      "fileHash": "002c355f",
      "needsInterop": false
    },
    "primeng/api": {
      "src": "../../../../../../node_modules/primeng/fesm2022/primeng-api.mjs",
      "file": "primeng_api.js",
      "fileHash": "c8e24709",
      "needsInterop": false
    },
    "primeng/bind": {
      "src": "../../../../../../node_modules/primeng/fesm2022/primeng-bind.mjs",
      "file": "primeng_bind.js",
      "fileHash": "c11a214b",
      "needsInterop": false
    },
    "primeng/button": {
      "src": "../../../../../../node_modules/primeng/fesm2022/primeng-button.mjs",
      "file": "primeng_button.js",
      "fileHash": "1425b98f",
      "needsInterop": false
    },
    "primeng/chart": {
      "src": "../../../../../../node_modules/primeng/fesm2022/primeng-chart.mjs",
      "file": "primeng_chart.js",
      "fileHash": "0aab57a0",
      "needsInterop": false
    },
    "primeng/config": {
      "src": "../../../../../../node_modules/primeng/fesm2022/primeng-config.mjs",
      "file": "primeng_config.js",
      "fileHash": "66a74694",
      "needsInterop": false
    },
    "primeng/dialog": {
      "src": "../../../../../../node_modules/primeng/fesm2022/primeng-dialog.mjs",
      "file": "primeng_dialog.js",
      "fileHash": "84d85402",
      "needsInterop": false
    },
    "primeng/iconfield": {
      "src": "../../../../../../node_modules/primeng/fesm2022/primeng-iconfield.mjs",
      "file": "primeng_iconfield.js",
      "fileHash": "46b30689",
      "needsInterop": false
    },
    "primeng/inputgroup": {
      "src": "../../../../../../node_modules/primeng/fesm2022/primeng-inputgroup.mjs",
      "file": "primeng_inputgroup.js",
      "fileHash": "5ea98de7",
      "needsInterop": false
    },
    "primeng/inputicon": {
      "src": "../../../../../../node_modules/primeng/fesm2022/primeng-inputicon.mjs",
      "file": "primeng_inputicon.js",
      "fileHash": "a79d68e2",
      "needsInterop": false
    },
    "primeng/inputtext": {
      "src": "../../../../../../node_modules/primeng/fesm2022/primeng-inputtext.mjs",
      "file": "primeng_inputtext.js",
      "fileHash": "1ccc129a",
      "needsInterop": false
    },
    "primeng/password": {
      "src": "../../../../../../node_modules/primeng/fesm2022/primeng-password.mjs",
      "file": "primeng_password.js",
      "fileHash": "311cc156",
      "needsInterop": false
    },
    "primeng/scroller": {
      "src": "../../../../../../node_modules/primeng/fesm2022/primeng-scroller.mjs",
      "file": "primeng_scroller.js",
      "fileHash": "4433cdb7",
      "needsInterop": false
    },
    "primeng/select": {
      "src": "../../../../../../node_modules/primeng/fesm2022/primeng-select.mjs",
      "file": "primeng_select.js",
      "fileHash": "db406b01",
      "needsInterop": false
    },
    "primeng/table": {
      "src": "../../../../../../node_modules/primeng/fesm2022/primeng-table.mjs",
      "file": "primeng_table.js",
      "fileHash": "fef04090",
      "needsInterop": false
    },
    "primeng/tag": {
      "src": "../../../../../../node_modules/primeng/fesm2022/primeng-tag.mjs",
      "file": "primeng_tag.js",
      "fileHash": "bad63390",
      "needsInterop": false
    },
    "primeng/toast": {
      "src": "../../../../../../node_modules/primeng/fesm2022/primeng-toast.mjs",
      "file": "primeng_toast.js",
      "fileHash": "b5ed2fad",
      "needsInterop": false
    },
    "primeng/togglebutton": {
      "src": "../../../../../../node_modules/primeng/fesm2022/primeng-togglebutton.mjs",
      "file": "primeng_togglebutton.js",
      "fileHash": "67a2b42c",
      "needsInterop": false
    },
    "zone.js": {
      "src": "../../../../../../node_modules/zone.js/fesm2015/zone.js",
      "file": "zone__js.js",
      "fileHash": "4a39c105",
      "needsInterop": true
    }
  },
  "chunks": {
    "chunk-KTLBOHPU": {
      "file": "chunk-KTLBOHPU.js"
    },
    "chunk-WW4P6PAQ": {
      "file": "chunk-WW4P6PAQ.js"
    },
    "browser-YIEGXUBR": {
      "file": "browser-YIEGXUBR.js"
    },
    "chunk-FMR66Y7C": {
      "file": "chunk-FMR66Y7C.js"
    },
    "chunk-2ZCE33XC": {
      "file": "chunk-2ZCE33XC.js"
    },
    "chunk-KOGYX4HD": {
      "file": "chunk-KOGYX4HD.js"
    },
    "chunk-OPZ4QAGY": {
      "file": "chunk-OPZ4QAGY.js"
    },
    "chunk-FRQUVQRD": {
      "file": "chunk-FRQUVQRD.js"
    },
    "chunk-XAGDODUV": {
      "file": "chunk-XAGDODUV.js"
    },
    "chunk-AY34WDIG": {
      "file": "chunk-AY34WDIG.js"
    },
    "chunk-6O6OGHLA": {
      "file": "chunk-6O6OGHLA.js"
    },
    "chunk-Y26ZRSVG": {
      "file": "chunk-Y26ZRSVG.js"
    },
    "chunk-7F64EDHE": {
      "file": "chunk-7F64EDHE.js"
    },
    "chunk-5OLJ7P6K": {
      "file": "chunk-5OLJ7P6K.js"
    },
    "chunk-5UKME5CL": {
      "file": "chunk-5UKME5CL.js"
    },
    "chunk-SSGXNMVZ": {
      "file": "chunk-SSGXNMVZ.js"
    },
    "chunk-OFURUWHD": {
      "file": "chunk-OFURUWHD.js"
    },
    "chunk-Z3EY67RN": {
      "file": "chunk-Z3EY67RN.js"
    },
    "chunk-OW5OAA3Q": {
      "file": "chunk-OW5OAA3Q.js"
    },
    "chunk-PEN7KEY4": {
      "file": "chunk-PEN7KEY4.js"
    },
    "chunk-VXUFEIMB": {
      "file": "chunk-VXUFEIMB.js"
    },
    "chunk-G4CYJ7IC": {
      "file": "chunk-G4CYJ7IC.js"
    },
    "chunk-ZA4DPHQT": {
      "file": "chunk-ZA4DPHQT.js"
    },
    "chunk-7YIQOWYG": {
      "file": "chunk-7YIQOWYG.js"
    },
    "chunk-R3EEJTUK": {
      "file": "chunk-R3EEJTUK.js"
    },
    "chunk-K2T25O33": {
      "file": "chunk-K2T25O33.js"
    },
    "chunk-VPKX4SO7": {
      "file": "chunk-VPKX4SO7.js"
    },
    "chunk-FAQCITYF": {
      "file": "chunk-FAQCITYF.js"
    },
    "chunk-ILPDVII5": {
      "file": "chunk-ILPDVII5.js"
    },
    "chunk-XWLXMCJQ": {
      "file": "chunk-XWLXMCJQ.js"
    }
  }
}